element_start,SC_UPGRADES_RANDOM,LootTable
m_chances,2,1,
m_qtys,1,1,
m_ids,SC_UPGRADES_COMMON,SC_UPGRADES_RARE,
m_types,sub_table,sub_table,
m_tags,,SC_UPGRADE_CHC,
m_conditions,
element_end
element_start,SC_UPGRADES_ALL,LootTable
m_chances,3,1,1,1,1,1,3,3,3,1,1,3,3,3,1,1,1,1,3,3,3,3,1,1,1,1,3,3,3,3,1,1,3,3,3,3,1,1,1,3,3,1,1,1,
m_qtys,1,1,1,1,1,1,1,1,1,1,1,1,1,1,1,1,1,1,1,1,1,1,1,1,1,1,1,1,1,1,1,1,1,1,1,1,1,1,1,1,1,1,1,1,
m_ids,storage_trunk,super_storage_trunk,guidebook_city,guidebook_coast,guidebook_farm,guidebook_forest,food_barrels,icebox,whiskey_still,stew_pot,griddle,strongbox,collectors_chandelier,worktable_loom,windchimes,tea_service,trinket_organizer,merchants_guild_seal,medicine_chest,bottle_case,compress_kit,mortar_and_pestle,medical_equipment,chirurgeons_table,alchemical_gear,chirurgeons_mixing_kit,leaf_suspension,iron_brazier,iron_banded_wheels,steel_plating,wagon_jack,carriage_lamps,crows_nest,shrine_map,book_of_hoarders_signals,trackers_map,telescope,academics_map,chirurgeons_map,explosives_magazine,blueprint_tubes,tinkers_bench,trapmakers_kit,assay_gear,
m_types,item,item,item,item,item,item,item,item,item,item,item,item,item,item,item,item,item,item,item,item,item,item,item,item,item,item,item,item,item,item,item,item,item,item,item,item,item,item,item,item,item,item,item,item,
m_tags,
m_conditions,,,,run_boss_is_not_brain,run_boss_is_not_brain,
element_end
element_start,SC_UPGRADES_COMMON,LootTable
m_chances,1,0,0,0,0,0,1,1,1,0,0,1,1,1,0,0,0,0,1,1,1,1,0,0,0,0,1,1,1,1,0,0,1,1,1,1,0,0,0,1,1,0,0,0,
m_qtys,1,1,1,1,1,1,1,1,1,1,1,1,1,1,1,1,1,1,1,1,1,1,1,1,1,1,1,1,1,1,1,1,1,1,1,1,1,1,1,1,1,1,1,1,
m_ids,storage_trunk,super_storage_trunk,guidebook_city,guidebook_coast,guidebook_farm,guidebook_forest,food_barrels,icebox,whiskey_still,stew_pot,griddle,strongbox,collectors_chandelier,worktable_loom,windchimes,tea_service,trinket_organizer,merchants_guild_seal,medicine_chest,bottle_case,compress_kit,mortar_and_pestle,medical_equipment,chirurgeons_table,alchemical_gear,chirurgeons_mixing_kit,leaf_suspension,iron_brazier,iron_banded_wheels,steel_plating,wagon_jack,carriage_lamps,crows_nest,shrine_map,book_of_hoarders_signals,trackers_map,telescope,academics_map,chirurgeons_map,explosives_magazine,blueprint_tubes,tinkers_bench,trapmakers_kit,assay_gear,
m_types,item,item,item,item,item,item,item,item,item,item,item,item,item,item,item,item,item,item,item,item,item,item,item,item,item,item,item,item,item,item,item,item,item,item,item,item,item,item,item,item,item,item,item,item,
m_tags,
m_conditions,,,,run_boss_is_not_brain,run_boss_is_not_brain,
element_end
element_start,SC_UPGRADES_RARE,LootTable
m_chances,0,1,1,1,1,1,0,0,0,1,1,0,0,0,1,1,1,1,0,0,0,0,1,1,1,1,0,0,0,0,1,1,0,0,0,0,1,1,1,0,0,1,1,1,
m_qtys,1,1,1,1,1,1,1,1,1,1,1,1,1,1,1,1,1,1,1,1,1,1,1,1,1,1,1,1,1,1,1,1,1,1,1,1,1,1,1,1,1,1,1,1,
m_ids,storage_trunk,super_storage_trunk,guidebook_city,guidebook_coast,guidebook_farm,guidebook_forest,food_barrels,icebox,whiskey_still,stew_pot,griddle,strongbox,collectors_chandelier,worktable_loom,windchimes,tea_service,trinket_organizer,merchants_guild_seal,medicine_chest,bottle_case,compress_kit,mortar_and_pestle,medical_equipment,chirurgeons_table,alchemical_gear,chirurgeons_mixing_kit,leaf_suspension,iron_brazier,iron_banded_wheels,steel_plating,wagon_jack,carriage_lamps,crows_nest,shrine_map,book_of_hoarders_signals,trackers_map,telescope,academics_map,chirurgeons_map,explosives_magazine,blueprint_tubes,tinkers_bench,trapmakers_kit,assay_gear,
m_types,item,item,item,item,item,item,item,item,item,item,item,item,item,item,item,item,item,item,item,item,item,item,item,item,item,item,item,item,item,item,item,item,item,item,item,item,item,item,item,item,item,item,item,item,
m_tags,
m_conditions,,,,run_boss_is_not_brain,run_boss_is_not_brain,
element_end
element_start,SC_UPGRADES_BIOME_GOAL_REWARDS,LootTable
m_chances,0,1,0,0,0,0,1,1,1,1,1,1,1,1,1,1,1,1,1,1,1,1,1,1,1,1,1,1,1,1,1,1,1,1,1,1,1,1,1,1,1,1,1,1,
m_qtys,1,1,1,1,1,1,1,1,1,1,1,1,1,1,1,1,1,1,1,1,1,1,1,1,1,1,1,1,1,1,1,1,1,1,1,1,1,1,1,1,1,1,1,1,
m_ids,storage_trunk,super_storage_trunk,guidebook_city,guidebook_coast,guidebook_farm,guidebook_forest,food_barrels,icebox,whiskey_still,stew_pot,griddle,strongbox,collectors_chandelier,worktable_loom,windchimes,tea_service,trinket_organizer,merchants_guild_seal,medicine_chest,bottle_case,compress_kit,mortar_and_pestle,medical_equipment,chirurgeons_table,alchemical_gear,chirurgeons_mixing_kit,leaf_suspension,iron_brazier,iron_banded_wheels,steel_plating,wagon_jack,carriage_lamps,crows_nest,shrine_map,book_of_hoarders_signals,trackers_map,telescope,academics_map,chirurgeons_map,explosives_magazine,blueprint_tubes,tinkers_bench,trapmakers_kit,assay_gear,
m_types,item,item,item,item,item,item,item,item,item,item,item,item,item,item,item,item,item,item,item,item,item,item,item,item,item,item,item,item,item,item,item,item,item,item,item,item,item,item,item,item,item,item,item,item,
m_tags,
m_conditions,,,,run_boss_is_not_brain,run_boss_is_not_brain,
element_end
element_start,SC_UPGRADES_STORAGE,LootTable
m_chances,0,1,1,1,
m_qtys,0,1,1,1,
m_ids,nothing,storage_trunk,strongbox,super_storage_trunk,
m_types,nothing,item,item,item,
m_tags,
m_conditions,
element_end
element_start,SC_UPGRADES_GUIDEBOOKS,LootTable
m_chances,0,1,1,1,1,
m_qtys,0,1,1,1,1,
m_ids,nothing,guidebook_city,guidebook_coast,guidebook_forest,guidebook_farm,
m_types,nothing,item,item,item,item,
m_tags,
m_conditions,,,run_boss_is_not_brain,,run_boss_is_not_brain,
element_end
element_start,SC_UPGRADES_FOOD_GEAR,LootTable
m_chances,0,1,1,1,1,1,
m_qtys,0,1,1,1,1,1,
m_ids,nothing,food_barrels,icebox,whiskey_still,stew_pot,griddle,
m_types,nothing,item,item,item,item,item,
m_tags,
m_conditions,
element_end
element_start,SC_UPGRADES_LUXURY_GEAR,LootTable
m_chances,0,1,1,1,1,1,1,
m_qtys,0,1,1,1,1,1,1,
m_ids,nothing,collectors_chandelier,worktable_loom,windchimes,tea_service,trinket_organizer,merchants_guild_seal,
m_types,nothing,item,item,item,item,item,item,
m_tags,
m_conditions,
element_end
element_start,SC_UPGRADES_MEDICINE_GEAR,LootTable
m_chances,0,1,1,1,1,1,1,1,1,
m_qtys,0,1,1,1,1,1,1,1,1,
m_ids,nothing,medicine_chest,bottle_case,compress_kit,mortar_and_pestle,medical_equipment,alchemical_gear,chirurgeons_table,chirurgeons_mixing_kit,
m_types,nothing,item,item,item,item,item,item,item,item,
m_tags,
m_conditions,
element_end
element_start,SC_UPGRADES_ROAD_GEAR,LootTable
m_chances,0,1,1,1,1,1,1,
m_qtys,0,1,1,1,1,1,1,
m_ids,nothing,leaf_suspension,iron_brazier,iron_banded_wheels,steel_plating,carriage_lamps,wagon_jack,
m_types,nothing,item,item,item,item,item,item,
m_tags,
m_conditions,
element_end
element_start,SC_UPGRADES_SCOUTING_GEAR,LootTable
m_chances,0,1,1,1,1,1,1,1,
m_qtys,0,1,1,1,1,1,1,1,
m_ids,nothing,crows_nest,shrine_map,book_of_hoarders_signals,trackers_map,telescope,academics_map,chirurgeons_map,
m_types,nothing,item,item,item,item,item,item,item,
m_tags,
m_conditions,
element_end
element_start,SC_UPGRADES_TINKERS_GEAR,LootTable
m_chances,0,1,1,1,1,1,
m_qtys,0,1,1,1,1,1,
m_ids,nothing,explosives_magazine,blueprint_tubes,assay_gear,tinkers_bench,trapmakers_kit,
m_types,nothing,item,item,item,item,item,
m_tags,
m_conditions,
element_end
element_start,SC_INFERNAL_FLAME,LootTable
m_chances,0,1,1,1,1,1,1,
m_qtys,0,1,1,1,1,1,1,
m_ids,nothing,infernal_torch,infernal_torch_2,infernal_torch_3,infernal_torch_4,infernal_torch_5,infernal_torch_randomized_enemies,
m_types,nothing,item,item,item,item,item,item,
m_tags,
m_conditions,
element_end
element_start,SC_RADIANT_FLAME,LootTable
m_chances,0,1,1,1,1,
m_qtys,0,1,1,1,1,
m_ids,nothing,radiant_torch_L1,radiant_torch_L2,radiant_torch_L3,radiant_torch_L4,
m_types,nothing,item,item,item,item,
m_tags,
m_conditions,,failures_in_a_row_0,failures_in_a_row_1,failures_in_a_row_2,failures_in_a_row_3plus,
element_end
element_start,SC_TROPHY,LootTable
m_chances,1,1,1,1,1,1,1,1,
m_qtys,1,1,1,1,1,1,1,1,
m_ids,trophy_fanatic_librarian,trophy_fanatic_librarian_b,trophy_plague_eater_harvest_table,trophy_plague_eater_harvest_table_b,trophy_lost_battalion_dreaming_general,trophy_lost_battalion_dreaming_general_b,trophy_coastal_boss_leviathan,trophy_coastal_boss_leviathan_b,
m_types,item,item,item,item,item,item,item,item,
m_tags,
m_conditions,city_biome_check,city_biome_check,farm_biome_check,farm_biome_check,forest_biome_check,forest_biome_check,shroud_biome_check,shroud_biome_check,
element_end

















element_start,infernal_torch_randomized_enemies,Item
m_type,stage_coach_upgrade,
m_tags,infernal_randomized_buff,infernal_torch_randomized_enemies_hidden,
m_slot,Flame,
m_maxQty,1,
sub_type,infernal,
m_DurationType,inn_end,
m_DurationAmount,1,
m_DiscardGameScorePerQty,1,
m_possessionLimit,1,
m_IsUnequipInvalid,True,
element_end

element_start,infernal_torch_randomized_enemies,ActorDataExternalBuffs
buffs,
element_end

element_start,infernal_torch_randomized_enemies,RunDataStats
sub_stat,torch_remove_percent,driving,0,
element_end





element_start,infernal_torch_randomized_enemies,TorchLevelGroup
torch_levels,torch_random_monsters_1,torch_random_monsters_2,torch_random_monsters_3,torch_random_monsters_4,torch_random_monsters_5,
element_end



element_start,torch_random_monsters_1,TorchLevel
m_Tags,monster,
m_TorchMin,76,
m_TorchMax,100,
element_end

element_start,torch_random_monsters_1,ActorDataEffects
combat_start_apply_limit_effects,randomize_size_1_enemy_barricade_sword,randomize_size_1_enemy_barricade_spear,randomize_size_1_enemy_butcher_champ,randomize_size_1_enemy_butcher,randomize_size_1_enemy_livestock_champ,randomize_size_1_enemy_livestock,randomize_size_1_enemy_maid,randomize_size_1_enemy_whipper_champ,randomize_size_1_enemy_whipper,randomize_size_1_enemy_flayer_ign,randomize_size_1_enemy_shaman,randomize_size_1_enemy_whipper_ign,randomize_size_1_enemy_sacrificial,randomize_size_1_enemy_shaman_ign,randomize_size_1_enemy_flayer,randomize_size_1_enemy_immolatist_champ,randomize_size_1_enemy_immolatist,randomize_size_1_enemy_skulker,randomize_size_1_enemy_skiver,randomize_size_1_enemy_skiver_champ,randomize_size_1_enemy_arbalist_champ,randomize_size_1_enemy_arbalist,randomize_size_1_enemy_foot_soldier,randomize_size_1_enemy_bishop,randomize_size_1_enemy_drummer,randomize_size_1_enemy_lost_soul,randomize_size_1_enemy_widow,randomize_size_1_enemy_urchin,randomize_size_1_enemy_pillager_melee,randomize_size_1_enemy_pillager_firemouth,randomize_size_1_enemy_pillager_mongrel,randomize_size_1_enemy_fish_monger,randomize_size_1_enemy_cabin_boy,randomize_size_1_enemy_wharf_rat,randomize_size_1_enemy_bosun_champ,randomize_size_1_enemy_bosun,randomize_size_1_enemy_captain_champ,randomize_size_1_enemy_captain,randomize_size_1_enemy_altar,randomize_size_1_cherub,randomize_size_1_enemy_evangelist,randomize_size_1_enemy_herald,randomize_size_1_enemy_carrion,randomize_size_1_enemy_carrion_mutated,randomize_size_1_enemy_spitter,randomize_size_1_enemy_webber,randomize_size_1_enemy_rabid_dog,randomize_size_1_enemy_rabid_dog_champ,randomize_size_1_enemy_shambler_baby,randomize_size_1_enemy_maa_head,randomize_size_1_enemy_ves_head,randomize_size_1_enemy_hwy_head,randomize_size_1_enemy_prison_hwm,randomize_size_1_enemy_patient,randomize_size_2_enemy_dinner_cart,randomize_size_2_enemy_lord,randomize_size_2_enemy_pit_fighter,randomize_size_2_enemy_cave_swine_brute_champ,randomize_size_2_enemy_cave_swine_brute,randomize_size_2_enemy_knight_champ,randomize_size_2_enemy_knight,randomize_size_2_enemy_woodsman,randomize_size_2_enemy_ghoul,randomize_size_2_enemy_pillager_artillery,randomize_size_2_enemy_docker,randomize_size_2_enemy_deacon,randomize_size_2_enemy_cardinal,
combat_start_apply_limit,1,
element_end

element_start,torch_random_monsters_2,TorchLevel
m_Tags,monster,
m_TorchMin,51,
m_TorchMax,75,
element_end

element_start,torch_random_monsters_2,ActorDataEffects
combat_start_apply_limit_effects,randomize_size_1_enemy_barricade_sword,randomize_size_1_enemy_barricade_spear,randomize_size_1_enemy_butcher_champ,randomize_size_1_enemy_butcher,randomize_size_1_enemy_livestock_champ,randomize_size_1_enemy_livestock,randomize_size_1_enemy_maid,randomize_size_1_enemy_whipper_champ,randomize_size_1_enemy_whipper,randomize_size_1_enemy_flayer_ign,randomize_size_1_enemy_shaman,randomize_size_1_enemy_whipper_ign,randomize_size_1_enemy_sacrificial,randomize_size_1_enemy_shaman_ign,randomize_size_1_enemy_flayer,randomize_size_1_enemy_immolatist_champ,randomize_size_1_enemy_immolatist,randomize_size_1_enemy_skulker,randomize_size_1_enemy_skiver,randomize_size_1_enemy_skiver_champ,randomize_size_1_enemy_arbalist_champ,randomize_size_1_enemy_arbalist,randomize_size_1_enemy_foot_soldier,randomize_size_1_enemy_bishop,randomize_size_1_enemy_drummer,randomize_size_1_enemy_lost_soul,randomize_size_1_enemy_widow,randomize_size_1_enemy_urchin,randomize_size_1_enemy_pillager_melee,randomize_size_1_enemy_pillager_firemouth,randomize_size_1_enemy_pillager_mongrel,randomize_size_1_enemy_fish_monger,randomize_size_1_enemy_cabin_boy,randomize_size_1_enemy_wharf_rat,randomize_size_1_enemy_bosun_champ,randomize_size_1_enemy_bosun,randomize_size_1_enemy_captain_champ,randomize_size_1_enemy_captain,randomize_size_1_enemy_altar,randomize_size_1_cherub,randomize_size_1_enemy_evangelist,randomize_size_1_enemy_herald,randomize_size_1_enemy_carrion,randomize_size_1_enemy_carrion_mutated,randomize_size_1_enemy_spitter,randomize_size_1_enemy_webber,randomize_size_1_enemy_rabid_dog,randomize_size_1_enemy_rabid_dog_champ,randomize_size_1_enemy_shambler_baby,randomize_size_1_enemy_maa_head,randomize_size_1_enemy_ves_head,randomize_size_1_enemy_hwy_head,randomize_size_1_enemy_prison_hwm,randomize_size_1_enemy_patient,randomize_size_2_enemy_dinner_cart,randomize_size_2_enemy_lord,randomize_size_2_enemy_pit_fighter,randomize_size_2_enemy_cave_swine_brute_champ,randomize_size_2_enemy_cave_swine_brute,randomize_size_2_enemy_knight_champ,randomize_size_2_enemy_knight,randomize_size_2_enemy_woodsman,randomize_size_2_enemy_ghoul,randomize_size_2_enemy_pillager_artillery,randomize_size_2_enemy_docker,randomize_size_2_enemy_deacon,randomize_size_2_enemy_cardinal,
combat_start_apply_limit,1,
element_end


element_start,torch_random_monsters_3,TorchLevel
m_Tags,monster,
m_TorchMin,26,
m_TorchMax,50,
element_end

element_start,torch_random_monsters_3,ActorDataEffects
combat_start_apply_limit_effects,randomize_size_1_enemy_barricade,randomize_size_1_enemy_barricade_2,randomize_size_1_enemy_barricade_sword,randomize_size_1_enemy_barricade_spear,randomize_size_1_enemy_butcher_champ,randomize_size_1_enemy_butcher,randomize_size_1_enemy_livestock_champ,randomize_size_1_enemy_livestock,randomize_size_1_enemy_maid,randomize_size_1_enemy_whipper_champ,randomize_size_1_enemy_whipper,randomize_size_1_enemy_flayer_ign,randomize_size_1_enemy_shaman,randomize_size_1_enemy_whipper_ign,randomize_size_1_enemy_sacrificial,randomize_size_1_enemy_shaman_ign,randomize_size_1_enemy_flayer,randomize_size_1_enemy_immolatist_champ,randomize_size_1_enemy_immolatist,randomize_size_1_enemy_skulker,randomize_size_1_enemy_skiver,randomize_size_1_enemy_skiver_champ,randomize_size_1_enemy_arbalist_champ,randomize_size_1_enemy_arbalist,randomize_size_1_enemy_foot_soldier,randomize_size_1_enemy_bishop,randomize_size_1_enemy_drummer,randomize_size_1_enemy_lost_soul,randomize_size_1_enemy_widow,randomize_size_1_enemy_urchin,randomize_size_1_enemy_pillager_melee,randomize_size_1_enemy_pillager_firemouth,randomize_size_1_enemy_pillager_mongrel,randomize_size_1_enemy_fish_monger,randomize_size_1_enemy_cabin_boy,randomize_size_1_enemy_wharf_rat,randomize_size_1_enemy_bosun_champ,randomize_size_1_enemy_bosun,randomize_size_1_enemy_captain_champ,randomize_size_1_enemy_captain,randomize_size_1_enemy_altar,randomize_size_1_cherub,randomize_size_1_enemy_evangelist,randomize_size_1_enemy_herald,randomize_size_1_enemy_carrion,randomize_size_1_enemy_carrion_mutated,randomize_size_1_enemy_spitter,randomize_size_1_enemy_webber,randomize_size_1_enemy_rabid_dog,randomize_size_1_enemy_rabid_dog_champ,randomize_size_1_enemy_shambler_baby,randomize_size_1_enemy_maa_head,randomize_size_1_enemy_ves_head,randomize_size_1_enemy_hwy_head,randomize_size_1_enemy_prison_hwm,randomize_size_1_enemy_patient,randomize_size_2_enemy_dinner_cart,randomize_size_2_enemy_lord,randomize_size_2_enemy_pit_fighter,randomize_size_2_enemy_cave_swine_brute_champ,randomize_size_2_enemy_cave_swine_brute,randomize_size_2_enemy_knight_champ,randomize_size_2_enemy_knight,randomize_size_2_enemy_woodsman,randomize_size_2_enemy_ghoul,randomize_size_2_enemy_pillager_artillery,randomize_size_2_enemy_docker,randomize_size_2_enemy_deacon,randomize_size_2_enemy_cardinal,
combat_start_apply_limit,1,
element_end


element_start,torch_random_monsters_4,TorchLevel
m_Tags,monster,
m_TorchMin,1,
m_TorchMax,25,
element_end

element_start,torch_random_monsters_4,ActorDataEffects
combat_start_apply_limit_effects,randomize_size_1_enemy_barricade,randomize_size_1_enemy_barricade_2,randomize_size_1_enemy_barricade_sword,randomize_size_1_enemy_barricade_spear,randomize_size_1_enemy_butcher_champ,randomize_size_1_enemy_butcher,randomize_size_1_enemy_livestock_champ,randomize_size_1_enemy_livestock,randomize_size_1_enemy_maid,randomize_size_1_enemy_whipper_champ,randomize_size_1_enemy_whipper,randomize_size_1_enemy_flayer_ign,randomize_size_1_enemy_shaman,randomize_size_1_enemy_whipper_ign,randomize_size_1_enemy_sacrificial,randomize_size_1_enemy_shaman_ign,randomize_size_1_enemy_flayer,randomize_size_1_enemy_immolatist_champ,randomize_size_1_enemy_immolatist,randomize_size_1_enemy_skulker,randomize_size_1_enemy_skiver,randomize_size_1_enemy_skiver_champ,randomize_size_1_enemy_arbalist_champ,randomize_size_1_enemy_arbalist,randomize_size_1_enemy_foot_soldier,randomize_size_1_enemy_bishop,randomize_size_1_enemy_drummer,randomize_size_1_enemy_lost_soul,randomize_size_1_enemy_widow,randomize_size_1_enemy_urchin,randomize_size_1_enemy_pillager_melee,randomize_size_1_enemy_pillager_firemouth,randomize_size_1_enemy_pillager_mongrel,randomize_size_1_enemy_fish_monger,randomize_size_1_enemy_cabin_boy,randomize_size_1_enemy_wharf_rat,randomize_size_1_enemy_bosun_champ,randomize_size_1_enemy_bosun,randomize_size_1_enemy_captain_champ,randomize_size_1_enemy_captain,randomize_size_1_enemy_altar,randomize_size_1_cherub,randomize_size_1_enemy_evangelist,randomize_size_1_enemy_herald,randomize_size_1_enemy_carrion,randomize_size_1_enemy_carrion_mutated,randomize_size_1_enemy_spitter,randomize_size_1_enemy_webber,randomize_size_1_enemy_rabid_dog,randomize_size_1_enemy_rabid_dog_champ,randomize_size_1_enemy_shambler_baby,randomize_size_1_enemy_maa_head,randomize_size_1_enemy_ves_head,randomize_size_1_enemy_hwy_head,randomize_size_1_enemy_prison_hwm,randomize_size_1_enemy_patient,randomize_size_2_enemy_dinner_cart,randomize_size_2_enemy_lord,randomize_size_2_enemy_pit_fighter,randomize_size_2_enemy_cave_swine_brute_champ,randomize_size_2_enemy_cave_swine_brute,randomize_size_2_enemy_knight_champ,randomize_size_2_enemy_knight,randomize_size_2_enemy_woodsman,randomize_size_2_enemy_ghoul,randomize_size_2_enemy_pillager_artillery,randomize_size_2_enemy_docker,randomize_size_2_enemy_deacon,randomize_size_2_enemy_cardinal,
combat_start_apply_limit,1,
element_end


element_start,torch_random_monsters_5,TorchLevel
m_Tags,monster,
m_TorchMin,0,
m_TorchMax,0,
element_end

element_start,torch_random_monsters_5,ActorDataEffects
combat_start_apply_limit_effects,randomize_size_1_enemy_barricade,randomize_size_1_enemy_barricade_2,randomize_size_1_enemy_butcher_champ,randomize_size_1_enemy_butcher,randomize_size_1_enemy_livestock_champ,randomize_size_1_enemy_livestock,randomize_size_1_enemy_maid,randomize_size_1_enemy_whipper_champ,randomize_size_1_enemy_whipper,randomize_size_1_enemy_flayer_ign,randomize_size_1_enemy_shaman,randomize_size_1_enemy_whipper_ign,randomize_size_1_enemy_sacrificial,randomize_size_1_enemy_shaman_ign,randomize_size_1_enemy_flayer,randomize_size_1_enemy_immolatist_champ,randomize_size_1_enemy_immolatist,randomize_size_1_enemy_skulker,randomize_size_1_enemy_skiver,randomize_size_1_enemy_skiver_champ,randomize_size_1_enemy_arbalist_champ,randomize_size_1_enemy_arbalist,randomize_size_1_enemy_foot_soldier,randomize_size_1_enemy_bishop,randomize_size_1_enemy_drummer,randomize_size_1_enemy_lost_soul,randomize_size_1_enemy_widow,randomize_size_1_enemy_urchin,randomize_size_1_enemy_pillager_melee,randomize_size_1_enemy_pillager_firemouth,randomize_size_1_enemy_pillager_mongrel,randomize_size_1_enemy_fish_monger,randomize_size_1_enemy_cabin_boy,randomize_size_1_enemy_wharf_rat,randomize_size_1_enemy_bosun_champ,randomize_size_1_enemy_bosun,randomize_size_1_enemy_captain_champ,randomize_size_1_enemy_captain,randomize_size_1_enemy_altar,randomize_size_1_cherub,randomize_size_1_enemy_evangelist,randomize_size_1_enemy_herald,randomize_size_1_enemy_carrion,randomize_size_1_enemy_carrion_mutated,randomize_size_1_enemy_spitter,randomize_size_1_enemy_webber,randomize_size_1_enemy_rabid_dog,randomize_size_1_enemy_rabid_dog_champ,randomize_size_1_enemy_shambler_baby,randomize_size_1_enemy_maa_head,randomize_size_1_enemy_ves_head,randomize_size_1_enemy_hwy_head,randomize_size_1_enemy_prison_hwm,randomize_size_1_enemy_patient,randomize_size_2_enemy_dinner_cart,randomize_size_2_enemy_lord,randomize_size_2_enemy_pit_fighter,randomize_size_2_enemy_cave_swine_brute_champ,randomize_size_2_enemy_cave_swine_brute,randomize_size_2_enemy_knight_champ,randomize_size_2_enemy_knight,randomize_size_2_enemy_woodsman,randomize_size_2_enemy_ghoul,randomize_size_2_enemy_pillager_artillery,randomize_size_2_enemy_docker,randomize_size_2_enemy_deacon,randomize_size_2_enemy_cardinal,
combat_start_apply_limit,1,
element_end




element_start,infernal_torch_randomized_enemies,ResourceItemInherit,
Inherit,infernal_torch_5
element_end,,,