element_start,shared_lost_soul_yeoman_corpse,ActorDataClass
m_Tags,corpse,monster,
m_IsBattleComplete,True,
m_ClearContainerTypes,BuffContainer,TokenContainer,DotContainer,
m_Size,2,
m_IgnoredSkillAttributeTypes,TOKEN_ADD,BUFF_ADD,QUIRK_ADD,
m_IsTickTriggerValid,False,
m_SkillBlockId,corpse,
m_DeathRound,3,
m_TokenViewValid,False,
m_IsEffectsReasonValid,False,
element_end
element_start,shared_lost_soul_yeoman_corpse,ActorDataStats
key_map,health_max,
add_stats,17,
sub_stat,resistance,stun,0.3,
sub_stat,resistance,blight,0.2,
sub_stat,resistance,bleed,0.2,
sub_stat,resistance,burn,0.1,
sub_stat,resistance,disease,0.1,
sub_stat,resistance,move,0.4,
sub_stat,resistance,debuff,0.2,
element_end
element_start,shared_lost_soul_yeoman,ActorDataClass
m_Tags,monster,gaunt,large,drummer_ally,woodsman,brain_blessing,lungs_blessing,eyes_blessing,arms_blessing,final_blessing,
m_Size,2,
m_IsTickTriggerValid,True,
m_IsStressTriggerValid,True,
m_IsStallCounted,True,
element_end
element_start,shared_lost_soul_yeoman,ActorDataStats
key_map,health_max,speed,speed_number_of_turns,
add_stats,42,0,1,
sub_stat,resistance,stun,0.3,
sub_stat,resistance,blight,0.2,
sub_stat,resistance,bleed,0.2,
sub_stat,resistance,burn,0.1,
sub_stat,resistance,disease,0.1,
sub_stat,resistance,move,0.4,
sub_stat,resistance,debuff,0.2,
element_end
element_start,shared_lost_soul_yeoman,ActorDataEffects
spawn_effects,add_2_deaths_door_armor,add_1_deaths_door_infernal_flame,
turn_skip_effects,stun_temp_resist_buff_e,
deaths_door_exit_effects,add_1_deaths_door_armor,
element_end
element_start,gaunt_woodsman_fell_the_tree,ActorDataSkill
m_IsFriendly,False,
launch_ranks,1,2,
target_ranks,1,2,
m_IsMultiHit,False,
m_Cooldown,1,
m_CanBeRiposted,True,
m_AverageRankIgnored,False,
m_ValidActOutTypes,skill_before,skill_after,skill_additional,
m_Tags,melee,gaunt_woodsman_fell_the_tree,
m_IsStallInvalidating,False,
element_end
element_start,gaunt_woodsman_fell_the_tree,ActorDataStats
key_map,health_damage,health_damage_range,crit_chance,
add_stats,10,4,0.1,
element_end
element_start,gaunt_woodsman_fell_the_tree,ActorDataEffects
target_effects,random_disease_3pct,
element_end
element_start,gaunt_woodsman_carve_the_toy,ActorDataSkill
m_IsFriendly,False,
launch_ranks,1,2,3,4,
target_ranks,1,2,
m_IsMultiHit,False,
m_CanBeRiposted,True,
m_AverageRankIgnored,False,
m_ValidActOutTypes,skill_before,skill_after,skill_additional,
m_Tags,melee,gaunt_woodsman_carve_the_toy,
m_IsStallInvalidating,False,
element_end
element_start,gaunt_woodsman_carve_the_toy,ActorDataStats
key_map,health_damage,health_damage_range,crit_chance,
add_stats,4,4,0.1,
element_end
element_start,gaunt_woodsman_carve_the_toy,ActorDataEffects
target_effects,stress_damage_1,skill_dot_medium_bleed,
performer_effects,move_forward_1,
element_end
element_start,gaunt_woodsman_protect_the_child,ActorDataSkill
m_IsFriendly,True,
launch_ranks,1,2,3,4,
target_ranks,1,2,3,4,
m_IsMultiHit,False,
m_Cooldown,1,
m_AllConditionIds,target_is_not_corpse,
m_AverageRankIgnored,False,
m_Tags,gaunt_woodsman_protect_the_child,
m_IsStallInvalidating,False,
element_end
element_start,gaunt_woodsman_protect_the_child,ActorDataEffects
target_effects,add_2_guard,
performer_effects,add_1_block,move_forward_1,
element_end
