element_start,cave_swine_brute_corpse,ActorDataClass
m_Tags,corpse,monster,
m_IsBattleComplete,True,
m_ClearContainerTypes,BuffContainer,TokenContainer,DotContainer,
m_Size,2,
m_IgnoredSkillAttributeTypes,TOKEN_ADD,BUFF_ADD,QUIRK_ADD,
m_IsTickTriggerValid,False,
m_SkillBlockId,corpse,
m_DeathRound,3,
m_TokenViewValid,False,
m_IsEffectsReasonValid,False,
element_end
element_start,cave_swine_brute_corpse,ActorDataStats
key_map,health_max,
add_stats,21,
sub_stat,resistance,stun,0.4,
sub_stat,resistance,blight,0.4,
sub_stat,resistance,bleed,0.2,
sub_stat,resistance,burn,0.2,
sub_stat,resistance,disease,1,
sub_stat,resistance,move,0.5,
sub_stat,resistance,debuff,0.2,
element_end
element_start,cave_swine_brute,ActorDataClass
m_Tags,monster,swine,animal,brain_blessing,lungs_blessing,eyes_blessing,arms_blessing,final_blessing,large,
m_Size,2,
m_IsTickTriggerValid,True,
m_IsStressTriggerValid,True,
m_IsStallCounted,True,
element_end
element_start,cave_swine_brute,ActorDataStats
key_map,health_max,speed,speed_number_of_turns,
add_stats,40,0,1,
sub_stat,resistance,stun,0.4,
sub_stat,resistance,blight,0.4,
sub_stat,resistance,bleed,0.2,
sub_stat,resistance,burn,0.2,
sub_stat,resistance,disease,1,
sub_stat,resistance,move,0.5,
sub_stat,resistance,debuff,0.2,
element_end
element_start,cave_swine_brute,ActorDataEffects
spawn_effects,add_1_block,add_1_block_50pct,add_2_deaths_door_armor,add_1_deaths_door_infernal_flame,
turn_skip_effects,stun_temp_resist_buff_e,
deaths_door_exit_effects,add_1_deaths_door_armor,
element_end
element_start,swine_brute_mallet,ActorDataSkill
m_IsFriendly,False,
launch_ranks,1,2,3,
target_ranks,1,2,
m_IsMultiHit,True,
m_CanBeRiposted,True,
m_AverageRankIgnored,False,
m_ValidActOutTypes,skill_before,skill_after,skill_additional,
m_Tags,melee,swine_brute_mallet,
m_IsStallInvalidating,False,
element_end
element_start,swine_brute_mallet,ActorDataStats
key_map,health_damage,health_damage_range,crit_chance,
add_stats,6,4,0.05,
element_end
element_start,swine_brute_mallet,ActorDataEffects
target_effects,stress_damage_1_50pct,
element_end
element_start,swine_brute_headbutt,ActorDataSkill
m_IsFriendly,False,
launch_ranks,3,4,
target_ranks,1,2,3,
m_IsMultiHit,False,
m_CanBeRiposted,True,
m_AverageRankIgnored,False,
m_ValidActOutTypes,skill_before,skill_after,skill_additional,
m_Tags,melee,swine_brute_headbutt,
m_IsStallInvalidating,False,
element_end
element_start,swine_brute_headbutt,ActorDataStats
key_map,health_damage,health_damage_range,crit_chance,
add_stats,6,4,0.05,
element_end
element_start,swine_brute_headbutt,ActorDataEffects
target_effects,add_1_stun,skill_dot_large_bleed,
performer_effects,move_forward_3,
element_end
element_start,swine_brute_squeal,ActorDataSkill
m_IsFriendly,False,
launch_ranks,1,2,
target_ranks,1,2,
m_IsMultiHit,False,
m_CanBeRiposted,True,
m_AverageRankIgnored,False,
m_ValidActOutTypes,skill_before,skill_after,skill_additional,
m_Tags,ranged,swine_brute_squeal,
m_IsStallInvalidating,False,
element_end
element_start,swine_brute_squeal,ActorDataStats
key_map,health_damage,health_damage_range,crit_chance,
add_stats,4,3,0.05,
element_end
element_start,swine_brute_squeal,ActorDataEffects
target_effects,stress_damage_2,
element_end
