element_start,cave_swine_brute_b_corpse,ActorDataClass
m_Tags,corpse,monster,
m_IsBattleComplete,True,
m_ClearContainerTypes,BuffContainer,TokenContainer,DotContainer,
m_Size,2,
m_IgnoredSkillAttributeTypes,TOKEN_ADD,BUFF_ADD,QUIRK_ADD,
m_IsTickTriggerValid,False,
m_SkillBlockId,corpse,
m_DeathRound,3,
m_TokenViewValid,False,
m_IsEffectsReasonValid,False,
element_end
element_start,cave_swine_brute_b_corpse,ActorDataStats
key_map,health_max,
add_stats,23,
sub_stat,resistance,stun,0.5,
sub_stat,resistance,blight,0.5,
sub_stat,resistance,bleed,0.3,
sub_stat,resistance,burn,0.3,
sub_stat,resistance,disease,1,
sub_stat,resistance,move,0.5,
sub_stat,resistance,debuff,0.3,
element_end
element_start,cave_swine_brute_b,ActorDataClass
m_Tags,monster,swine,wilbur,animal,champion,brain_blessing,lungs_blessing,eyes_blessing,arms_blessing,final_blessing,large,
m_Size,2,
m_IsTickTriggerValid,True,
m_IsStressTriggerValid,True,
m_IsStallCounted,True,
element_end
element_start,cave_swine_brute_b,ActorDataStats
key_map,health_max,speed,speed_number_of_turns,
add_stats,48,0,1,
sub_stat,resistance,stun,0.5,
sub_stat,resistance,blight,0.5,
sub_stat,resistance,bleed,0.3,
sub_stat,resistance,burn,0.3,
sub_stat,resistance,disease,1,
sub_stat,resistance,move,0.5,
sub_stat,resistance,debuff,0.3,
element_end
element_start,cave_swine_brute_b,ActorDataEffects
spawn_effects,add_1_block_plus,add_1_block_plus_50pct,add_3_deaths_door_armor,add_1_deaths_door_infernal_flame,
turn_skip_effects,stun_temp_resist_buff_e,
deaths_door_exit_effects,add_1_deaths_door_armor,
element_end
element_start,swine_brute_b_obliterate_body,ActorDataSkill
m_IsFriendly,False,
launch_ranks,1,2,3,4,
target_ranks,1,2,3,4,
m_IsMultiHit,False,
m_AllConditionIds,target_is_combo_primed,
m_CanBeRiposted,True,
m_AverageRankIgnored,False,
m_IsForced,True,
m_IsBlockPass,True,
m_ValidActOutTypes,skill_before,skill_after,skill_additional,
m_Tags,melee,swine_brute_b_obliterate_body,
performer_buffs,combo_crit_100pct,
m_IsStallInvalidating,False,
element_end
element_start,swine_brute_b_obliterate_body,ActorDataStats
key_map,health_damage,health_damage_range,crit_chance,
add_stats,10,4,0.05,
element_end
element_start,swine_brute_b_obliterate_body,ActorDataEffects
target_effects,stress_damage_1,end_combo,
element_end
element_start,swine_brute_b_obliterate_masses,ActorDataSkill
m_IsFriendly,False,
launch_ranks,1,2,3,
target_ranks,1,2,
m_IsMultiHit,True,
m_CanBeRiposted,True,
m_AverageRankIgnored,False,
m_ValidActOutTypes,skill_before,skill_after,skill_additional,
m_Tags,melee,swine_brute_b_obliterate_masses,
m_IsStallInvalidating,False,
element_end
element_start,swine_brute_b_obliterate_masses,ActorDataStats
key_map,health_damage,health_damage_range,crit_chance,
add_stats,8,3,0.05,
element_end
element_start,swine_brute_b_obliterate_masses,ActorDataEffects
target_effects,stress_damage_1_50pct,
element_end
element_start,swine_brute_b_savage_gore,ActorDataSkill
m_IsFriendly,False,
launch_ranks,3,4,
target_ranks,1,2,3,
m_IsMultiHit,False,
m_CanBeRiposted,True,
m_AverageRankIgnored,False,
m_ValidActOutTypes,skill_before,skill_after,skill_additional,
m_Tags,melee,swine_brute_b_savage_gore,
m_IsStallInvalidating,False,
element_end
element_start,swine_brute_b_savage_gore,ActorDataStats
key_map,health_damage,health_damage_range,crit_chance,
add_stats,6,6,0.05,
element_end
element_start,swine_brute_b_savage_gore,ActorDataEffects
target_effects,add_1_stun,skill_dot_large_bleed,
performer_effects,move_forward_3,
element_end
element_start,swine_brute_b_shattering_squeal,ActorDataSkill
m_IsFriendly,False,
launch_ranks,1,2,
target_ranks,1,2,3,
m_IsMultiHit,False,
m_CanBeRiposted,True,
m_AverageRankIgnored,False,
m_ValidActOutTypes,skill_before,skill_after,skill_additional,
m_Tags,ranged,swine_brute_b_shattering_squeal,
m_IsStallInvalidating,False,
element_end
element_start,swine_brute_b_shattering_squeal,ActorDataStats
key_map,health_damage,health_damage_range,crit_chance,
add_stats,6,2,0.05,
element_end
element_start,swine_brute_b_shattering_squeal,ActorDataEffects
target_effects,stress_damage_2,add_1_daze,
element_end
