element_start,lost_battalion_knight_corpse,ActorDataClass
m_Tags,corpse,corpse_knight,dead_battalion,monster,
m_IsBattleComplete,True,
m_ClearContainerTypes,BuffContainer,TokenContainer,DotContainer,
m_Size,2,
m_IgnoredSkillAttributeTypes,TOKEN_ADD,BUFF_ADD,QUIRK_ADD,
m_IsTickTriggerValid,False,
m_SkillBlockId,corpse,
m_DeathRound,3,
m_TokenViewValid,False,
m_IsEffectsReasonValid,False,
element_end
element_start,lost_battalion_knight_corpse,ActorDataStats
key_map,health_max,
add_stats,19,
sub_stat,resistance,stun,0.4,
sub_stat,resistance,blight,0.2,
sub_stat,resistance,bleed,0.4,
sub_stat,resistance,burn,0.1,
sub_stat,resistance,disease,0.2,
sub_stat,resistance,move,0.4,
sub_stat,resistance,debuff,0.3,
element_end
element_start,lost_battalion_knight,ActorDataClass
m_Tags,monster,large,cadaver,knight,takes_orders,no_dd_weak,drummer_ally,brain_blessing,lungs_blessing,eyes_blessing,arms_blessing,final_blessing,
m_Size,2,
m_IsTickTriggerValid,True,
m_IsStressTriggerValid,True,
m_IsStallCounted,True,
element_end
element_start,lost_battalion_knight,ActorDataStats
key_map,health_max,speed,speed_number_of_turns,
add_stats,36,0,1,
sub_stat,resistance,stun,0.4,
sub_stat,resistance,blight,0.2,
sub_stat,resistance,bleed,0.4,
sub_stat,resistance,burn,0.1,
sub_stat,resistance,disease,0.2,
sub_stat,resistance,move,0.4,
sub_stat,resistance,debuff,0.3,
element_end
element_start,lost_battalion_knight,ActorDataEffects
spawn_effects,knight_deaths_door_buff_manager_e,knight_deaths_door_buff_remover_e,add_3_deaths_door_armor,add_1_deaths_door_infernal_flame,
change_class_effects,lost_battalion_shared_stability_e,add_3_deaths_door_armor,add_1_deaths_door_infernal_flame,
turn_skip_effects,stun_temp_resist_buff_e,
combat_start_apply_limit_effects,add_1_block,add_2_block,
combat_start_apply_limit,1,
deaths_door_exit_effects,add_1_deaths_door_armor,
element_end
element_start,knight_en_garde,ActorDataSkill
m_IsFriendly,True,
m_IsFriendlySelfTargetValid,True,
launch_ranks,1,2,3,4,
m_IsMultiHit,False,
m_Cooldown,2,
m_AllConditionIds,performer_no_lost_battalion_order,
m_AverageRankIgnored,False,
m_Tags,knight_en_garde,
m_IsStallInvalidating,False,
element_end
element_start,knight_en_garde,ActorDataEffects
performer_effects,add_2_block,add_2_riposte,add_1_deaths_door_armor,
performer_after_target_effects,remove_all_blind,
element_end
element_start,knight_have_at_you,ActorDataSkill
m_IsFriendly,False,
launch_ranks,4,
target_ranks,1,2,
m_IsMultiHit,False,
m_AllConditionIds,performer_no_lost_battalion_order,
m_CanBeRiposted,True,
m_AverageRankIgnored,False,
m_ValidActOutTypes,skill_before,skill_after,skill_additional,
m_Tags,melee,knight_have_at_you,
m_IsStallInvalidating,False,
element_end
element_start,knight_have_at_you,ActorDataStats
key_map,health_damage,health_damage_range,crit_chance,
add_stats,4,2,0.05,
element_end
element_start,knight_have_at_you,ActorDataEffects
performer_effects,move_forward_3,
element_end
element_start,knight_biting_blade,ActorDataSkill
m_IsFriendly,False,
launch_ranks,1,2,
target_ranks,1,2,
m_IsMultiHit,False,
m_AllConditionIds,performer_no_lost_battalion_order,
m_CanBeRiposted,True,
m_AverageRankIgnored,False,
m_ValidActOutTypes,skill_before,skill_after,skill_additional,
m_Tags,melee,knight_biting_blade,
m_IsStallInvalidating,False,
element_end
element_start,knight_biting_blade,ActorDataStats
key_map,health_damage,health_damage_range,crit_chance,
add_stats,8,4,0.1,
element_end
element_start,knight_biting_blade,ActorDataEffects
target_effects,skill_dot_large_bleed,
element_end
element_start,knight_flashing_blade,ActorDataSkill
m_IsFriendly,False,
launch_ranks,1,2,3,4,
target_ranks,1,2,
m_IsMultiHit,True,
m_AllConditionIds,performer_has_lost_battalion_order,
m_CanBeRiposted,True,
m_AverageRankIgnored,False,
m_ValidActOutTypes,skill_before,skill_after,skill_additional,
token_ignores,til_ignore_taunt,
m_Tags,melee,knight_flashing_blade,
m_IsStallInvalidating,False,
element_end
element_start,knight_flashing_blade,ActorDataStats
key_map,health_damage,health_damage_range,crit_chance,
add_stats,6,2,0.05,
element_end
element_start,knight_flashing_blade,ActorDataEffects
target_effects,skill_dot_large_bleed,
performer_after_target_effects,remove_1_lost_battalion_order,
element_end
element_start,knight_riposte,ActorDataSkill
m_IsFriendly,False,
launch_ranks,1,2,3,4,
target_ranks,1,2,3,4,
m_IsMultiHit,False,
m_AverageRankIgnored,False,
m_ValidActOutTypes,skill_before,skill_after,skill_additional,
token_ignores,til_standard_riposte,
m_Tags,melee,knight_riposte,
m_IsRiposteDamaging,True,
m_IsStallInvalidating,False,
element_end
element_start,knight_riposte,ActorDataStats
key_map,health_damage,health_damage_range,crit_chance,
add_stats,6,1,0.05,
element_end
element_start,knight_riposte,ActorDataEffects
target_effects,skill_dot_medium_bleed,
element_end
