
element_start,randomize_size_2_enemy_shambler,Effect
m_Chance,1,
m_ChangeClassActorId,shared_shambler,
m_AddTurn,0,
all_conditions,target_is_large_monster,target_is_not_boss_hidden,
element_end

element_start,randomize_size_1_enemy_chirurgeon,Effect
m_Chance,1,
m_ChangeClassActorId,shared_lost_soul_chirurgeon,
m_AddTurn,0,
all_conditions,target_is_not_large_monster,target_is_not_boss_hidden,
element_end

element_start,randomize_size_1_enemy_antiquarian,Effect
m_Chance,1,
m_ChangeClassActorId,shared_pillager_antiquarian,
m_AddTurn,0,
all_conditions,target_is_not_large_monster,target_is_not_boss_hidden,
element_end

element_start,randomize_size_1_enemy_collector,Effect
m_Chance,1,
m_ChangeClassActorId,shared_collector,
m_AddTurn,0,
all_conditions,target_is_not_large_monster,target_is_not_boss_hidden,
element_end





element_start,randomize_size_1_enemy_barricade_spear,Effect
m_Chance,1,
m_ChangeClassActorId,shared_barricade_spearman,
m_AddTurn,0,
all_conditions,target_is_not_large_monster,target_is_not_boss_hidden,
element_end

element_start,randomize_size_1_enemy_barricade_sword,Effect
m_Chance,1,
m_ChangeClassActorId,shared_barricade_swordsman,
m_AddTurn,0,
all_conditions,target_is_not_large_monster,target_is_not_boss_hidden,
element_end

element_start,randomize_size_1_enemy_barricade_2,Effect
m_Chance,1,
m_ChangeClassActorId,shared_barricade_cover2,
m_AddTurn,0,
all_conditions,target_is_not_large_monster,target_is_not_boss_hidden,
element_end

element_start,randomize_size_1_enemy_barricade,Effect
m_Chance,1,
m_ChangeClassActorId,shared_barricade_cover1,
m_AddTurn,0,
all_conditions,target_is_not_large_monster,target_is_not_boss_hidden,
element_end

element_start,randomize_size_1_enemy_patient,Effect
m_Chance,1,
m_ChangeClassActorId,shared_lost_soul_patient,
m_AddTurn,0,
all_conditions,target_is_not_large_monster,target_is_not_boss_hidden,
element_end


element_start,randomize_size_1_enemy_prison_hwm,Effect
m_Chance,1,
m_ChangeClassActorId,herostory_hwy_combat_1,
m_AddTurn,0,
all_conditions,target_is_not_large_monster,target_is_not_boss_hidden,
element_end


element_start,randomize_size_1_enemy_butcher_champ,Effect
m_Chance,1,
m_ChangeClassActorId,plague_eater_butcher_b,
m_AddTurn,0,
all_conditions,target_is_not_large_monster,target_is_not_boss_hidden,
element_end


element_start,randomize_size_1_enemy_butcher,Effect
m_Chance,1,
m_ChangeClassActorId,plague_eater_butcher,
m_AddTurn,0,
all_conditions,target_is_not_large_monster,target_is_not_boss_hidden,
element_end


element_start,randomize_size_2_enemy_dinner_cart,Effect
m_Chance,1,
m_ChangeClassActorId,plague_eater_dinner_cart,
m_AddTurn,0,
all_conditions,target_is_large_monster,target_is_not_boss_hidden,
element_end


element_start,randomize_size_1_enemy_lady,Effect
m_Chance,1,
m_ChangeClassActorId,plague_eater_lady,
m_AddTurn,0,
all_conditions,target_is_not_large_monster,target_is_not_boss_hidden,
element_end


element_start,randomize_size_1_enemy_livestock_champ,Effect
m_Chance,1,
m_ChangeClassActorId,plague_eater_livestock_b,
m_AddTurn,0,
all_conditions,target_is_not_large_monster,target_is_not_boss_hidden,
element_end
 

element_start,randomize_size_1_enemy_livestock,Effect
m_Chance,1,
m_ChangeClassActorId,plague_eater_livestock,
m_AddTurn,0,
all_conditions,target_is_not_large_monster,target_is_not_boss_hidden,
element_end


element_start,randomize_size_2_enemy_lord,Effect
m_Chance,1,
m_ChangeClassActorId,plague_eater_lord,
m_AddTurn,0,
all_conditions,target_is_large_monster,target_is_not_boss_hidden,
element_end


element_start,randomize_size_1_enemy_maid,Effect
m_Chance,1,
m_ChangeClassActorId,plague_eater_maid,
m_AddTurn,0,
all_conditions,target_is_not_large_monster,target_is_not_boss_hidden,
element_end


element_start,randomize_size_1_enemy_whipper_champ,Effect
m_Chance,1,
m_ChangeClassActorId,fanatic_whipper_b,
m_AddTurn,0,
all_conditions,target_is_not_large_monster,target_is_not_boss_hidden,
element_end


element_start,randomize_size_1_enemy_whipper,Effect
m_Chance,1,
m_ChangeClassActorId,fanatic_whipper,
m_AddTurn,0,
all_conditions,target_is_not_large_monster,target_is_not_boss_hidden,
element_end


element_start,randomize_size_1_enemy_flayer_ign,Effect
m_Chance,1,
m_ChangeClassActorId,fanatic_flayer_ignited,
m_AddTurn,0,
all_conditions,target_is_not_large_monster,target_is_not_boss_hidden,
element_end


element_start,randomize_size_1_enemy_shaman,Effect
m_Chance,1,
m_ChangeClassActorId,fanatic_blind_shaman,
m_AddTurn,0,
all_conditions,target_is_not_large_monster,target_is_not_boss_hidden,
element_end


element_start,randomize_size_1_enemy_whipper_ign,Effect
m_Chance,1,
m_ChangeClassActorId,fanatic_whipper_ignited,
m_AddTurn,0,
all_conditions,target_is_not_large_monster,target_is_not_boss_hidden,
element_end


element_start,randomize_size_2_enemy_pit_fighter,Effect
m_Chance,1,
m_ChangeClassActorId,fanatic_pit_fighter,
m_AddTurn,0,
all_conditions,target_is_large_monster,target_is_not_boss_hidden,
element_end


element_start,randomize_size_1_enemy_sacrificial,Effect
m_Chance,1,
m_ChangeClassActorId,fanatic_sacrificial,
m_AddTurn,0,
all_conditions,target_is_not_large_monster,target_is_not_boss_hidden,
element_end 


element_start,randomize_size_1_enemy_shaman_ign,Effect
m_Chance,1,
m_ChangeClassActorId,fanatic_blind_shaman_ignited,
m_AddTurn,0,
all_conditions,target_is_not_large_monster,target_is_not_boss_hidden,
element_end


element_start,randomize_size_1_enemy_flayer,Effect
m_Chance,1,
m_ChangeClassActorId,fanatic_flayer,
m_AddTurn,0,
all_conditions,target_is_not_large_monster,target_is_not_boss_hidden,
element_end


element_start,randomize_size_1_enemy_immolatist_champ,Effect
m_Chance,1,
m_ChangeClassActorId,fanatic_immolatist_b,
m_AddTurn,0,
all_conditions,target_is_not_large_monster,target_is_not_boss_hidden,
element_end


element_start,randomize_size_1_enemy_immolatist,Effect
m_Chance,1,
m_ChangeClassActorId,fanatic_immolatist,
m_AddTurn,0,
all_conditions,target_is_not_large_monster,target_is_not_boss_hidden,
element_end 


element_start,randomize_size_2_enemy_cave_swine_brute_champ,Effect
m_Chance,1,
m_ChangeClassActorId,cave_swine_brute_b,
m_AddTurn,0,
all_conditions,target_is_large_monster,target_is_not_boss_hidden,
element_end


element_start,randomize_size_2_enemy_cave_swine_brute,Effect
m_Chance,1,
m_ChangeClassActorId,cave_swine_brute,
m_AddTurn,0,
all_conditions,target_is_large_monster,target_is_not_boss_hidden,
element_end


element_start,randomize_size_1_enemy_skulker,Effect
m_Chance,1,
m_ChangeClassActorId,cave_swine_skulker,
m_AddTurn,0,
all_conditions,target_is_not_large_monster,target_is_not_boss_hidden,
element_end


element_start,randomize_size_1_enemy_skiver,Effect
m_Chance,1,
m_ChangeClassActorId,cave_swine_skiver,
m_AddTurn,0,
all_conditions,target_is_not_large_monster,target_is_not_boss_hidden,
element_end


element_start,randomize_size_1_enemy_skiver_champ,Effect
m_Chance,1,
m_ChangeClassActorId,cave_swine_skiver_b,
m_AddTurn,0,
all_conditions,target_is_not_large_monster,target_is_not_boss_hidden,
element_end 



element_start,randomize_size_1_enemy_arbalist_champ,Effect
m_Chance,1,
m_ChangeClassActorId,lost_battalion_arbalist_b,
m_AddTurn,0,
all_conditions,target_is_not_large_monster,target_is_not_boss_hidden,
element_end


element_start,randomize_size_1_enemy_arbalist,Effect
m_Chance,1,
m_ChangeClassActorId,lost_battalion_arbalist,
m_AddTurn,0,
all_conditions,target_is_not_large_monster,target_is_not_boss_hidden,
element_end 


element_start,randomize_size_1_enemy_foot_soldier,Effect
m_Chance,1,
m_ChangeClassActorId,lost_battalion_foot_soldier,
m_AddTurn,0,
all_conditions,target_is_not_large_monster,target_is_not_boss_hidden,
element_end 


element_start,randomize_size_1_enemy_bishop,Effect
m_Chance,1,
m_ChangeClassActorId,lost_battalion_bishop,
m_AddTurn,0,
all_conditions,target_is_not_large_monster,target_is_not_boss_hidden,
element_end 


element_start,randomize_size_1_enemy_drummer,Effect
m_Chance,1,
m_ChangeClassActorId,lost_battalion_drummer,
m_AddTurn,0,
all_conditions,target_is_not_large_monster,target_is_not_boss_hidden,
element_end 


element_start,randomize_size_2_enemy_knight_champ,Effect
m_Chance,1,
m_ChangeClassActorId,lost_battalion_knight_b,
m_AddTurn,0,
all_conditions,target_is_large_monster,target_is_not_boss_hidden,
element_end


element_start,randomize_size_2_enemy_knight,Effect
m_Chance,1,
m_ChangeClassActorId,lost_battalion_knight,
m_AddTurn,0,
all_conditions,target_is_large_monster,target_is_not_boss_hidden,
element_end


element_start,randomize_size_1_enemy_lost_soul,Effect
m_Chance,1,
m_ChangeClassActorId,shared_lost_soul,
m_AddTurn,0,
all_conditions,target_is_not_large_monster,target_is_not_boss_hidden,
element_end 


element_start,randomize_size_1_enemy_widow,Effect
m_Chance,1,
m_ChangeClassActorId,shared_lost_soul_widow,
m_AddTurn,0,
all_conditions,target_is_not_large_monster,target_is_not_boss_hidden,
element_end 


element_start,randomize_size_1_enemy_urchin,Effect
m_Chance,1,
m_ChangeClassActorId,shared_lost_soul_urchin,
m_AddTurn,0,
all_conditions,target_is_not_large_monster,target_is_not_boss_hidden,
element_end 


element_start,randomize_size_2_enemy_woodsman,Effect
m_Chance,1,
m_ChangeClassActorId,shared_lost_soul_yeoman,
m_AddTurn,0,
all_conditions,target_is_large_monster,target_is_not_boss_hidden,
element_end


element_start,randomize_size_2_enemy_ghoul,Effect
m_Chance,1,
m_ChangeClassActorId,shared_ghoul,
m_AddTurn,0,
all_conditions,target_is_large_monster,target_is_not_boss_hidden,
element_end 


element_start,randomize_size_1_enemy_pillager_melee,Effect
m_Chance,1,
m_ChangeClassActorId,shared_pillager_melee,
m_AddTurn,0,
all_conditions,target_is_not_large_monster,target_is_not_boss_hidden,
element_end 

element_start,randomize_size_1_enemy_pillager_ranged,Effect
m_Chance,1,
m_ChangeClassActorId,shared_pillager_ranged,
m_AddTurn,0,
all_conditions,target_is_not_large_monster,target_is_not_boss_hidden,
element_end

element_start,randomize_size_1_enemy_pillager_firemouth,Effect
m_Chance,1,
m_ChangeClassActorId,shared_pillager_firemouth,
m_AddTurn,0,
all_conditions,target_is_not_large_monster,target_is_not_boss_hidden,
element_end 


element_start,randomize_size_1_enemy_pillager_mongrel,Effect
m_Chance,1,
m_ChangeClassActorId,shared_pillager_mongrel,
m_AddTurn,0,
all_conditions,target_is_not_large_monster,target_is_not_boss_hidden,
element_end 


element_start,randomize_size_2_enemy_pillager_artillery,Effect
m_Chance,1,
m_ChangeClassActorId,shared_pillager_artillery,
m_AddTurn,0,
all_conditions,target_is_large_monster,target_is_not_boss_hidden,
element_end


element_start,randomize_size_1_enemy_fish_monger,Effect
m_Chance,1,
m_ChangeClassActorId,coastal_fish_monger,
m_AddTurn,0,
all_conditions,target_is_not_large_monster,target_is_not_boss_hidden,
element_end 


element_start,randomize_size_1_enemy_cabin_boy,Effect
m_Chance,1,
m_ChangeClassActorId,coastal_cabin_boy,
m_AddTurn,0,
all_conditions,target_is_not_large_monster,target_is_not_boss_hidden,
element_end 


element_start,randomize_size_2_enemy_docker,Effect
m_Chance,1,
m_ChangeClassActorId,coastal_docker,
m_AddTurn,0,
all_conditions,target_is_large_monster,target_is_not_boss_hidden,
element_end 


element_start,randomize_size_1_enemy_wharf_rat,Effect
m_Chance,1,
m_ChangeClassActorId,coastal_wharf_rat,
m_AddTurn,0,
all_conditions,target_is_not_large_monster,target_is_not_boss_hidden,
element_end 


element_start,randomize_size_1_enemy_bosun_champ,Effect
m_Chance,1,
m_ChangeClassActorId,coastal_bosun_b,
m_AddTurn,0,
all_conditions,target_is_not_large_monster,target_is_not_boss_hidden,
element_end 


element_start,randomize_size_1_enemy_bosun,Effect
m_Chance,1,
m_ChangeClassActorId,coastal_bosun,
m_AddTurn,0,
all_conditions,target_is_not_large_monster,target_is_not_boss_hidden,
element_end 


element_start,randomize_size_1_enemy_captain_champ,Effect
m_Chance,1,
m_ChangeClassActorId,coastal_captain_b,
m_AddTurn,0,
all_conditions,target_is_not_large_monster,target_is_not_boss_hidden,
element_end 


element_start,randomize_size_1_enemy_captain,Effect
m_Chance,1,
m_ChangeClassActorId,coastal_captain,
m_AddTurn,0,
all_conditions,target_is_not_large_monster,target_is_not_boss_hidden,
element_end


element_start,randomize_size_1_enemy_altar,Effect
m_Chance,1,
m_ChangeClassActorId,cultist_altar,
m_AddTurn,0,
all_conditions,target_is_not_large_monster,target_is_not_boss_hidden,
element_end

element_start,randomize_size_1_cherub,Effect
m_Chance,1,
m_ChangeClassActorId,cultist_cherub,
m_AddTurn,0,
all_conditions,target_is_not_large_monster,target_is_not_boss_hidden,
element_end

element_start,randomize_size_1_enemy_evangelist,Effect
m_Chance,1,
m_ChangeClassActorId,cultist_evangelist,
m_AddTurn,0,
all_conditions,target_is_not_large_monster,target_is_not_boss_hidden,
element_end

element_start,randomize_size_1_enemy_herald,Effect
m_Chance,1,
m_ChangeClassActorId,cultist_herald,
m_AddTurn,0,
all_conditions,target_is_not_large_monster,target_is_not_boss_hidden,
element_end


element_start,randomize_size_2_enemy_deacon,Effect
m_Chance,1,
m_ChangeClassActorId,cultist_deacon,
m_AddTurn,0,
all_conditions,target_is_large_monster,target_is_not_boss_hidden,
element_end


element_start,randomize_size_2_enemy_cardinal,Effect
m_Chance,1,
m_ChangeClassActorId,cultist_cardinal,
m_AddTurn,0,
all_conditions,target_is_large_monster,target_is_not_boss_hidden,
element_end


element_start,randomize_size_1_enemy_carrion,Effect
m_Chance,1,
m_ChangeClassActorId,shared_carrion_eater,
m_AddTurn,0,
all_conditions,target_is_not_large_monster,target_is_not_boss_hidden,
element_end


element_start,randomize_size_1_enemy_carrion_mutated,Effect
m_Chance,1,
m_ChangeClassActorId,shared_carrion_eater_mutated,
m_AddTurn,0,
all_conditions,target_is_not_large_monster,target_is_not_boss_hidden,
element_end


element_start,randomize_size_1_enemy_spitter,Effect
m_Chance,1,
m_ChangeClassActorId,shared_spider_spitter,
m_AddTurn,0,
all_conditions,target_is_not_large_monster,target_is_not_boss_hidden,
element_end


element_start,randomize_size_1_enemy_webber,Effect
m_Chance,1,
m_ChangeClassActorId,shared_spider_webber,
m_AddTurn,0,
all_conditions,target_is_not_large_monster,target_is_not_boss_hidden,
element_end


element_start,randomize_size_1_enemy_rabid_dog,Effect
m_Chance,1,
m_ChangeClassActorId,shared_dog_rabid,
m_AddTurn,0,
all_conditions,target_is_not_large_monster,target_is_not_boss_hidden,
element_end


element_start,randomize_size_1_enemy_rabid_dog_champ,Effect
m_Chance,1,
m_ChangeClassActorId,shared_dog_rabid_b,
m_AddTurn,0,
all_conditions,target_is_not_large_monster,target_is_not_boss_hidden,
element_end


element_start,randomize_size_1_enemy_shambler_baby,Effect
m_Chance,1,
m_ChangeClassActorId,shared_shambler_tentacle,
m_AddTurn,0,
all_conditions,target_is_not_large_monster,target_is_not_boss_hidden,
element_end


element_start,randomize_size_1_enemy_maa_head,Effect
m_Chance,1,
m_ChangeClassActorId,shared_collector_head_maa,
m_AddTurn,0,
all_conditions,target_is_not_large_monster,target_is_not_boss_hidden,
element_end


element_start,randomize_size_1_enemy_ves_head,Effect
m_Chance,1,
m_ChangeClassActorId,shared_collector_head_ves,
m_AddTurn,0,
all_conditions,target_is_not_large_monster,target_is_not_boss_hidden,
element_end


element_start,randomize_size_1_enemy_hwy_head,Effect
m_Chance,1,
m_ChangeClassActorId,shared_collector_head_hwy,
m_AddTurn,0,
all_conditions,target_is_not_large_monster,target_is_not_boss_hidden,
element_end














element_start,target_is_monster,Condition
m_ConditionType,tag,
m_ConditionActorType,TARGET,
m_ConditionString,monster,
m_ConditionNumber,1,
m_ConditionNumberType,GREATER_THAN_OR_EQUAL,
element_end

element_start,target_is_not_large_monster,Condition
m_ConditionType,tag,
m_ConditionActorType,TARGET,
m_ConditionString,large,
m_IsVisible,True,
m_ConditionNumber,0,
m_ConditionNumberType,EQUAL,
element_end

element_start,target_is_large_monster,Condition
m_ConditionType,tag,
m_ConditionActorType,TARGET,
m_ConditionString,large,
m_ConditionNumber,1,
m_ConditionNumberType,GREATER_THAN_OR_EQUAL,
element_end

element_start,target_is_not_boss_hidden,Condition
m_ConditionType,tag,
m_ConditionActorType,TARGET,
m_ConditionString,boss,
m_IsVisible,False,
m_ConditionNumber,0,
m_ConditionNumberType,EQUAL,
element_end