element_start,shared_ghoul_corpse,ActorDataClass
m_Tags,corpse,monster,
m_IsBattleComplete,True,
m_ClearContainerTypes,BuffContainer,TokenContainer,DotContainer,
m_Size,2,
m_IgnoredSkillAttributeTypes,TOKEN_ADD,BUFF_ADD,QUIRK_ADD,
m_IsTickTriggerValid,False,
m_SkillBlockId,corpse,
m_DeathRound,3,
m_TokenViewValid,False,
m_IsEffectsReasonValid,False,
element_end
element_start,shared_ghoul_corpse,ActorDataStats
key_map,health_max,
add_stats,20,
sub_stat,resistance,stun,0.5,
sub_stat,resistance,blight,0.2,
sub_stat,resistance,bleed,0.2,
sub_stat,resistance,burn,0.2,
sub_stat,resistance,disease,0.2,
sub_stat,resistance,move,0.5,
sub_stat,resistance,debuff,0.4,
element_end
element_start,shared_ghoul,ActorDataClass
m_Tags,monster,large,drummer_ally,ghoul,brain_blessing,lungs_blessing,eyes_blessing,arms_blessing,final_blessing,
m_Size,2,
m_IsTickTriggerValid,True,
m_IsStressTriggerValid,True,
m_IsStallCounted,True,
element_end
element_start,shared_ghoul,ActorDataStats
key_map,health_max,speed,speed_number_of_turns,
add_stats,36,4,1,
sub_stat,resistance,stun,0.5,
sub_stat,resistance,blight,0.2,
sub_stat,resistance,bleed,0.2,
sub_stat,resistance,burn,0.2,
sub_stat,resistance,disease,0.2,
sub_stat,resistance,move,0.5,
sub_stat,resistance,debuff,0.4,
element_end
element_start,shared_ghoul,ActorDataEffects
spawn_effects,add_1_block,add_1_deaths_door_armor,add_1_deaths_door_infernal_flame,
turn_skip_effects,stun_temp_resist_buff_e,
deaths_door_exit_effects,add_1_deaths_door_armor,
element_end
element_start,ghoul_claw,ActorDataSkill
m_IsFriendly,False,
launch_ranks,1,2,
target_ranks,1,2,
m_IsMultiHit,False,
m_CanBeRiposted,True,
m_AverageRankIgnored,False,
m_ValidActOutTypes,skill_before,skill_after,skill_additional,
m_Tags,melee,ghoul_claw,
m_IsStallInvalidating,False,
element_end
element_start,ghoul_claw,ActorDataStats
key_map,health_damage,health_damage_range,crit_chance,
add_stats,4,2,0.15,
element_end
element_start,ghoul_claw,ActorDataEffects
target_effects,skill_dot_medium_bleed,stress_damage_1,random_disease_5pct,
performer_effects,add_1_block,
element_end
element_start,ghoul_howl,ActorDataSkill
m_IsFriendly,False,
launch_ranks,1,2,3,4,
target_ranks,1,2,3,4,
m_IsMultiHit,True,
m_Cooldown,2,
m_CanBeRiposted,True,
m_AverageRankIgnored,False,
m_ValidActOutTypes,skill_before,skill_after,skill_additional,
m_Tags,ghoul_howl,
m_IsStallInvalidating,False,
element_end
element_start,ghoul_howl,ActorDataStats
key_map,
add_stats,
element_end
element_start,ghoul_howl,ActorDataEffects
target_effects,dot_horror_small,ghoul_worries_disease_howl_pct,
performer_effects,add_1_block,
target_team_member_random_effects,torch_damage_10,
element_end
element_start,ghoul_throw,ActorDataSkill
m_IsFriendly,False,
launch_ranks,1,2,3,4,
target_ranks,3,4,
m_IsMultiHit,False,
m_CanBeRiposted,True,
m_AverageRankIgnored,False,
m_ValidActOutTypes,skill_before,skill_after,skill_additional,
m_Tags,ranged,ghoul_throw,
m_IsStallInvalidating,False,
element_end
element_start,ghoul_throw,ActorDataStats
key_map,health_damage,health_damage_range,crit_chance,
add_stats,3,1,0.15,
element_end
element_start,ghoul_throw,ActorDataEffects
target_effects,add_1_stun,stress_damage_1,stress_damage_1_50pct,
performer_effects,add_1_block,
element_end
