element_start,shared_pillager_artillery_corpse,ActorDataClass
m_Tags,corpse,monster,
m_IsBattleComplete,True,
m_ClearContainerTypes,BuffContainer,TokenContainer,DotContainer,
m_Size,2,
m_IgnoredSkillAttributeTypes,TOKEN_ADD,BUFF_ADD,QUIRK_ADD,
m_IsTickTriggerValid,False,
m_SkillBlockId,corpse,
m_DeathRound,3,
m_TokenViewValid,False,
m_IsEffectsReasonValid,False,
element_end
element_start,shared_pillager_artillery_corpse,ActorDataStats
key_map,health_max,
add_stats,19,
sub_stat,resistance,stun,0.5,
sub_stat,resistance,blight,2,
sub_stat,resistance,bleed,2,
sub_stat,resistance,burn,2,
sub_stat,resistance,disease,0.2,
sub_stat,resistance,move,0.3,
sub_stat,resistance,debuff,0.3,
element_end
element_start,shared_pillager_artillery,ActorDataClass
m_Tags,monster,large,pillager,brain_blessing,lungs_blessing,eyes_blessing,arms_blessing,final_blessing,
m_Size,2,
m_IsTickTriggerValid,True,
m_IsStressTriggerValid,True,
m_ResistAlwaysIds,blight,bleed,burn,
m_IsStallCounted,True,
element_end
element_start,shared_pillager_artillery,ActorDataStats
key_map,health_max,speed,speed_number_of_turns,
add_stats,38,0,1,
sub_stat,resistance,stun,0.5,
sub_stat,resistance,blight,2,
sub_stat,resistance,bleed,2,
sub_stat,resistance,burn,2,
sub_stat,resistance,disease,0.2,
sub_stat,resistance,move,0.3,
sub_stat,resistance,debuff,0.3,
sub_stat,resistance,death,0,
element_end
element_start,shared_pillager_artillery,ActorDataEffects
spawn_effects,add_2_block_plus,infernal_flame_deathblow_res_buff_e,
turn_skip_effects,stun_temp_resist_buff_e,
element_end
element_start,pillager_artillery_boom,ActorDataSkill
m_IsFriendly,False,
launch_ranks,1,2,3,4,
m_TargetRelativeRanks,-3,-2,-1,0,
m_IsMultiHit,True,
m_AllConditionIds,performer_has_1_count,
m_CanBeRiposted,True,
m_AverageRankIgnored,False,
m_ValidActOutTypes,skill_before,skill_after,skill_additional,
token_ignores,til_ignore_stealth,
m_Tags,ranged,pillager_artillery_boom,
m_IsStallInvalidating,False,
element_end
element_start,pillager_artillery_boom,ActorDataStats
key_map,health_damage,health_damage_range,crit_chance,
add_stats,8,6,0.1,
element_end
element_start,pillager_artillery_boom,ActorDataEffects
performer_after_target_effects,count_minus_1,
target_effects,stress_damage_1,stress_damage_1_50pct,
element_end
element_start,pillager_artillery_misfire,ActorDataSkill
m_IsFriendly,False,
launch_ranks,1,2,3,4,
m_TargetRelativeRanks,-3,-2,-1,0,
m_IsMultiHit,True,
m_AllConditionIds,performer_has_1_count,
m_CanBeRiposted,True,
m_AverageRankIgnored,False,
m_ValidActOutTypes,skill_before,skill_after,skill_additional,
token_ignores,til_unavoidable,til_ignore_dodge,til_ignore_stealth,til_ignore_blind,
m_Tags,ranged,pillager_artillery_misfire,
m_IsStallInvalidating,False,
element_end
element_start,pillager_artillery_misfire,ActorDataStats
key_map,
add_stats,
element_end
element_start,pillager_artillery_misfire,ActorDataEffects
performer_after_target_effects,count_minus_1,
target_effects,stress_heal_1,
element_end
element_start,pillager_artillery_loading,ActorDataSkill
m_IsFriendly,True,
m_IsFriendlySelfTargetValid,True,
launch_ranks,1,2,3,4,
m_IsMultiHit,False,
m_AllConditionIds,performer_has_0_count,
m_AverageRankIgnored,False,
m_Tags,pillager_artillery_loading,
m_IsStallInvalidating,False,
element_end
element_start,pillager_artillery_loading,ActorDataEffects
performer_effects,count_plus_1,add_2_block_plus,move_backward_1,
element_end
element_start,pillager_artillery_boom_temp_1,ActorDataSkill
m_IsFriendly,False,
launch_ranks,1,2,3,4,
m_TargetRelativeRanks,-3,-2,-1,0,
m_IsMultiHit,True,
m_AllConditionIds,performer_has_1_count,
m_CanBeRiposted,True,
m_AverageRankIgnored,False,
m_ValidActOutTypes,skill_before,skill_after,skill_additional,
token_ignores,til_ignore_stealth,
m_Tags,ranged,noalt,pillager_artillery_boom_temp_1,
m_IsTokenViewVisible,False,
m_IsStallInvalidating,False,
element_end
element_start,pillager_artillery_boom_temp_1,ActorDataStats
key_map,health_damage,health_damage_range,crit_chance,
add_stats,8,6,0.1,
element_end
element_start,pillager_artillery_boom_temp_1,ActorDataEffects
performer_after_target_effects,count_minus_1,
target_effects,stress_damage_1,stress_damage_1_50pct,
element_end
element_start,pillager_artillery_boom_temp_2,ActorDataSkill
m_IsFriendly,False,
launch_ranks,1,2,3,4,
m_TargetRelativeRanks,-3,-2,-1,0,
m_IsMultiHit,True,
m_AllConditionIds,performer_has_1_count,
m_CanBeRiposted,True,
m_AverageRankIgnored,False,
m_ValidActOutTypes,skill_before,skill_after,skill_additional,
token_ignores,til_ignore_stealth,
m_Tags,ranged,noalt,pillager_artillery_boom_temp_2,
m_IsTokenViewVisible,False,
m_IsStallInvalidating,False,
element_end
element_start,pillager_artillery_boom_temp_2,ActorDataStats
key_map,health_damage,health_damage_range,crit_chance,
add_stats,8,6,0.1,
element_end
element_start,pillager_artillery_boom_temp_2,ActorDataEffects
performer_after_target_effects,count_minus_1,
target_effects,stress_damage_1,stress_damage_1_50pct,
element_end
